date,open,high,low,close,volume,obv
2021-01-24 18:03:00,31627.03,31641.97,31639.49,31641.96,242.326,242.326
2021-01-24 18:06:00,31641.96,31645.64,31645.5,31645.5,232.129,474.455
2021-01-24 18:09:00,31645.5,31674.07,31667.15,31674.06,261.16,735.615
2021-01-24 18:12:00,31674.06,31620.75,31619.6,31620.75,237.883,497.73199999999997
2021-01-24 18:15:00,31620.75,31700.0,31699.03,31700.0,197.994,695.726
2021-01-24 18:18:00,31700.0,31668.01,31667.72,31668.01,582.2,113.52599999999995
2021-01-24 18:21:00,31668.01,31790.04,31784.08,31787.44,624.28,737.8059999999999
2021-01-24 18:24:00,31787.44,31739.8,31732.11,31739.8,560.269,177.53699999999992
2021-01-24 18:27:00,31739.8,31706.74,31706.59,31706.74,547.482,-369.94500000000005
2021-01-24 18:30:00,31706.74,31714.09,31711.34,31712.43,191.619,-178.32600000000005
2021-01-24 18:33:00,31712.43,31731.74,31731.74,31731.74,245.354,67.02799999999996
2021-01-24 18:36:00,31731.74,31740.0,31740.0,31740.0,150.238,217.26599999999996
2021-01-24 18:39:00,31740.0,31738.15,31734.44,31738.15,188.317,28.948999999999955
2021-01-24 18:42:00,31738.15,31737.71,31737.7,31737.7,266.652,-237.70300000000003
2021-01-24 18:45:00,31737.7,31713.37,31713.37,31713.37,90.014,-327.71700000000004
2021-01-24 18:48:00,31713.37,31718.52,31718.51,31718.51,249.081,-78.63600000000005
2021-01-24 18:51:00,31718.51,31836.0,31836.0,31836.0,330.469,251.83299999999994
2021-01-24 18:54:00,31836.0,31940.3,31936.52,31937.63,835.938,1087.771
2021-01-24 18:57:00,31937.63,31932.28,31932.27,31932.28,555.324,532.447
2021-01-24 19:00:00,31932.28,31917.7,31916.9,31916.91,315.11,217.337
2021-01-24 19:03:00,31916.91,31850.5,31850.49,31850.49,316.93,-99.59300000000002
2021-01-24 19:06:00,31850.49,31855.15,31854.92,31855.04,286.496,186.90299999999996
2021-01-24 19:09:00,31855.04,31822.53,31822.52,31822.52,115.395,71.50799999999997
2021-01-24 19:12:00,31822.52,31834.48,31833.47,31833.47,163.904,235.41199999999998
2021-01-24 19:15:00,31833.47,31820.01,31820.0,31820.01,108.086,127.32599999999998
2021-01-24 19:18:00,31820.01,31820.02,31820.02,31820.02,159.21,286.536
2021-01-24 19:21:00,31820.02,31727.0,31715.25,31715.26,304.802,-18.26600000000002
2021-01-24 19:24:00,31715.26,31754.71,31754.58,31754.71,684.117,665.8509999999999
2021-01-24 19:27:00,31754.71,31846.47,31846.15,31846.31,273.479,939.3299999999999
2021-01-24 19:30:00,31846.31,31924.0,31924.0,31924.0,241.371,1180.701
2021-01-24 19:33:00,31924.0,32099.06,32099.05,32099.05,935.21,2115.911
2021-01-24 19:36:00,32099.05,32216.7,32208.76,32214.89,1283.216,3399.127
2021-01-24 19:39:00,32214.89,32293.0,32292.79,32293.0,1343.223,4742.35
2021-01-24 19:42:00,32293.0,32175.0,32164.76,32169.02,1357.03,3385.3200000000006
2021-01-24 19:45:00,32169.02,32240.22,32240.21,32240.21,385.202,3770.522000000001
2021-01-24 19:48:00,32240.21,32255.46,32252.2,32255.2,403.63,4174.152000000001
2021-01-24 19:51:00,32255.2,32236.73,32236.72,32236.72,205.087,3969.065000000001
2021-01-24 19:54:00,32236.72,32181.51,32171.79,32175.68,362.465,3606.600000000001
2021-01-24 19:57:00,32175.68,32120.61,32119.73,32119.73,343.139,3263.4610000000007
2021-01-24 20:00:00,32119.73,32131.79,32128.17,32128.46,526.397,3789.8580000000006
2021-01-24 20:03:00,32128.46,32203.94,32203.93,32203.93,310.542,4100.400000000001
2021-01-24 20:06:00,32203.93,32234.39,32233.73,32233.74,545.381,4645.781000000001
2021-01-24 20:09:00,32233.74,32142.99,32142.98,32142.98,370.837,4274.944000000001
2021-01-24 20:12:00,32142.98,32177.04,32176.88,32177.03,997.844,5272.788000000001
2021-01-24 20:15:00,32177.03,32104.42,32103.09,32103.74,263.295,5009.493000000001
2021-01-24 20:18:00,32103.74,32086.22,32084.48,32085.01,391.232,4618.261000000001
2021-01-24 20:21:00,32085.01,32130.49,32128.68,32130.49,359.737,4977.998000000001
2021-01-24 20:24:00,32130.49,32068.62,32059.99,32068.42,343.099,4634.899000000001
2021-01-24 20:27:00,32068.42,32123.72,32123.6,32123.72,504.236,5139.135000000001
2021-01-24 20:30:00,32123.72,32088.77,32085.75,32088.77,378.962,4760.173000000001
2021-01-24 20:33:00,32088.77,32131.34,32127.35,32127.44,337.539,5097.712
2021-01-24 20:36:00,32127.44,32148.47,32148.46,32148.46,320.087,5417.799000000001
2021-01-24 20:39:00,32148.46,32088.24,32087.94,32088.24,162.418,5255.381000000001
2021-01-24 20:42:00,32088.24,32202.74,32195.0,32202.74,479.141,5734.522000000001
2021-01-24 20:45:00,32202.74,32240.0,32239.99,32240.0,635.942,6370.464000000001
2021-01-24 20:48:00,32240.0,32186.85,32186.85,32186.85,356.817,6013.647000000001
2021-01-24 20:51:00,32186.85,32334.05,32332.01,32332.01,807.078,6820.725
2021-01-24 20:54:00,32332.01,32289.49,32288.09,32288.1,434.597,6386.128000000001
2021-01-24 20:57:00,32288.1,32258.48,32250.0,32250.0,357.981,6028.147000000001
2021-01-24 21:00:00,32250.0,32274.88,32274.87,32274.87,325.518,6353.665000000001
2021-01-24 21:03:00,32274.87,32342.67,32336.74,32338.88,472.292,6825.957000000001
2021-01-24 21:06:00,32338.88,32212.65,32212.08,32212.52,404.925,6421.032000000001
2021-01-24 21:09:00,32212.52,32277.66,32271.45,32275.66,316.129,6737.161000000001
2021-01-24 21:12:00,32275.66,32213.89,32213.87,32213.88,219.22,6517.941000000001
2021-01-24 21:15:00,32213.88,32439.01,32439.0,32439.01,1977.024,8494.965
2021-01-24 21:18:00,32439.01,32442.09,32435.09,32437.04,1173.254,7321.711
2021-01-24 21:21:00,32437.04,32517.24,32512.64,32517.24,960.07,8281.781
2021-01-24 21:24:00,32517.24,32639.16,32633.16,32633.17,804.055,9085.836000000001
2021-01-24 21:27:00,32633.17,32609.34,32603.22,32608.83,623.199,8462.637
2021-01-24 21:30:00,32608.83,32713.2,32712.13,32712.4,748.864,9211.501
2021-01-24 21:33:00,32712.4,32709.48,32706.84,32708.7,848.437,8363.064
2021-01-24 21:36:00,32708.7,32616.35,32613.55,32613.55,500.639,7862.425
2021-01-24 21:39:00,32613.55,32688.19,32687.66,32687.76,515.009,8377.434000000001
2021-01-24 21:42:00,32687.76,32608.01,32608.0,32608.01,330.119,8047.315000000001
2021-01-24 21:45:00,32608.01,32686.29,32680.7,32684.46,261.315,8308.630000000001
2021-01-24 21:48:00,32684.46,32740.88,32740.22,32740.88,636.6,8945.230000000001
2021-01-24 21:51:00,32740.88,32846.18,32839.67,32845.03,799.211,9744.441
2021-01-24 21:54:00,32845.03,32731.98,32731.16,32731.98,474.788,9269.653
2021-01-24 21:57:00,32731.98,32647.75,32644.9,32647.74,646.526,8623.127
2021-01-24 22:00:00,32647.74,32590.11,32590.1,32590.11,548.396,8074.731000000001
2021-01-24 22:03:00,32590.11,32505.13,32500.0,32500.2,894.475,7180.256
2021-01-24 22:06:00,32500.2,32666.75,32666.75,32666.75,598.335,7778.591
2021-01-24 22:09:00,32666.75,32484.59,32484.58,32484.59,659.757,7118.834000000001
2021-01-24 22:12:00,32484.59,32549.46,32546.48,32549.46,478.384,7597.218000000001
2021-01-24 22:15:00,32549.46,32618.01,32610.0,32610.0,585.328,8182.546
2021-01-24 22:18:00,32610.0,32577.23,32577.22,32577.23,501.668,7680.878000000001
2021-01-24 22:21:00,32577.23,32602.61,32602.6,32602.6,263.54,7944.418000000001
2021-01-24 22:24:00,32602.6,32630.68,32630.67,32630.68,476.603,8421.021
2021-01-24 22:27:00,32630.68,32705.47,32705.2,32705.21,389.8,8810.821
2021-01-24 22:30:00,32705.21,32586.33,32586.33,32586.33,310.807,8500.014
2021-01-24 22:33:00,32586.33,32616.11,32614.02,32615.13,299.156,8799.17
2021-01-24 22:36:00,32615.13,32520.9,32514.66,32518.65,323.754,8475.416
2021-01-24 22:39:00,32518.65,32516.03,32513.7,32516.02,411.268,8064.147999999999
2021-01-24 22:42:00,32516.02,32584.23,32584.22,32584.23,409.069,8473.216999999999
2021-01-24 22:45:00,32584.23,32645.53,32645.53,32645.53,278.807,8752.024
2021-01-24 22:48:00,32645.53,32741.07,32736.53,32736.53,487.519,9239.543
2021-01-24 22:51:00,32736.53,32812.84,32812.83,32812.84,707.858,9947.401
2021-01-24 22:54:00,32812.84,32835.98,32835.97,32835.97,418.329,10365.73
2021-01-24 22:57:00,32835.97,32950.0,32921.56,32936.99,693.997,11059.726999999999
2021-01-24 23:00:00,32936.99,32898.99,32893.22,32895.32,783.404,10276.322999999999
2021-01-24 23:03:00,32895.32,33000.0,33000.0,33000.0,1351.157,11627.479999999998
2021-01-24 23:06:00,33000.0,32840.62,32840.61,32840.61,713.828,10913.651999999998
2021-01-24 23:09:00,32840.61,32804.33,32802.85,32804.33,470.353,10443.298999999999
2021-01-24 23:12:00,32804.33,32831.0,32829.57,32831.0,284.714,10728.012999999999
2021-01-24 23:15:00,32831.0,32773.98,32768.09,32773.98,249.605,10478.408
2021-01-24 23:18:00,32773.98,32717.21,32710.63,32713.78,403.914,10074.493999999999
2021-01-24 23:21:00,32713.78,32769.77,32767.93,32769.77,356.613,10431.106999999998
2021-01-24 23:24:00,32769.77,32713.52,32713.51,32713.51,347.63,10083.476999999999
2021-01-24 23:27:00,32713.51,32741.98,32735.23,32735.23,444.938,10528.414999999999
2021-01-24 23:30:00,32735.23,32823.21,32823.2,32823.21,568.366,11096.780999999999
2021-01-24 23:33:00,32823.21,32788.24,32788.23,32788.24,493.99,10602.791
2021-01-24 23:36:00,32788.24,32717.26,32717.26,32717.26,295.615,10307.176
2021-01-24 23:39:00,32717.26,32680.86,32680.85,32680.86,340.871,9966.305
2021-01-24 23:42:00,32680.86,32696.74,32694.51,32694.51,298.207,10264.512
2021-01-24 23:45:00,32694.51,32677.39,32677.39,32677.39,369.734,9894.778
2021-01-24 23:48:00,32677.39,32739.99,32735.01,32735.01,312.361,10207.139000000001
2021-01-24 23:51:00,32735.01,32717.25,32717.24,32717.24,251.904,9955.235
2021-01-24 23:54:00,32717.24,32725.0,32725.0,32725.0,203.854,10159.089
2021-01-24 23:57:00,32725.0,32789.08,32787.35,32787.35,252.793,10411.882
2021-01-25 00:00:00,32787.35,32795.69,32795.68,32795.68,317.693,10729.574999999999
2021-01-25 00:03:00,32795.68,32818.99,32816.6,32816.6,583.38,11312.954999999998
2021-01-25 00:06:00,32816.6,32811.66,32811.56,32811.56,376.334,10936.620999999997
2021-01-25 00:09:00,32811.56,32693.82,32692.0,32693.48,509.767,10426.853999999998
2021-01-25 00:12:00,32693.48,32663.22,32663.22,32663.22,639.337,9787.516999999998
2021-01-25 00:15:00,32663.22,32627.81,32627.8,32627.8,227.516,9560.000999999998
2021-01-25 00:18:00,32627.8,32649.12,32649.12,32649.12,342.121,9902.121999999998
2021-01-25 00:21:00,32649.12,32647.02,32647.01,32647.01,334.255,9567.866999999998
2021-01-25 00:24:00,32647.01,32657.99,32651.88,32651.88,266.654,9834.520999999999
2021-01-25 00:27:00,32651.88,32708.67,32708.59,32708.59,300.358,10134.878999999999
2021-01-25 00:30:00,32708.59,32770.01,32770.0,32770.0,419.138,10554.017
2021-01-25 00:33:00,32770.0,32830.37,32825.97,32827.17,699.283,11253.3
2021-01-25 00:36:00,32827.17,32938.74,32936.33,32936.34,689.65,11942.949999999999
2021-01-25 00:39:00,32936.34,32978.91,32976.04,32978.91,546.054,12489.003999999999
2021-01-25 00:42:00,32978.91,33298.01,33296.43,33298.01,2574.373,15063.376999999999
2021-01-25 00:45:00,33298.01,33302.78,33300.42,33302.78,1538.39,16601.767
2021-01-25 00:48:00,33302.78,33496.88,33496.87,33496.87,1509.208,18110.975
2021-01-25 00:51:00,33496.87,33581.18,33580.0,33581.18,1430.472,19541.447
2021-01-25 00:54:00,33581.18,33659.06,33654.02,33654.73,1844.39,21385.837
2021-01-25 00:57:00,33654.73,33640.0,33639.98,33640.0,997.916,20387.921
2021-01-25 01:00:00,33640.0,33608.47,33600.0,33608.47,822.485,19565.435999999998
2021-01-25 01:03:00,33608.47,33740.45,33737.53,33739.01,2479.908,22045.343999999997
2021-01-25 01:06:00,33739.01,33689.99,33689.77,33689.99,799.309,21246.034999999996
2021-01-25 01:09:00,33689.99,33699.0,33696.0,33696.93,422.217,21668.251999999997
2021-01-25 01:12:00,33696.93,33618.0,33603.92,33613.49,599.447,21068.804999999997
2021-01-25 01:15:00,33613.49,33596.79,33596.39,33596.78,507.126,20561.678999999996
2021-01-25 01:18:00,33596.78,33475.49,33471.47,33471.48,1480.796,19080.882999999998
2021-01-25 01:21:00,33471.48,33528.27,33528.26,33528.26,618.398,19699.281
2021-01-25 01:24:00,33528.26,33488.07,33485.01,33485.68,678.153,19021.128
2021-01-25 01:27:00,33485.68,33538.27,33538.27,33538.27,701.041,19722.169
2021-01-25 01:30:00,33538.27,33500.0,33499.99,33500.0,367.648,19354.521
2021-01-25 01:33:00,33500.0,33523.0,33522.99,33523.0,433.364,19787.885000000002
2021-01-25 01:36:00,33523.0,33480.0,33474.46,33474.46,246.064,19541.821000000004
2021-01-25 01:39:00,33474.46,33457.24,33457.13,33457.23,311.51,19230.311000000005
2021-01-25 01:42:00,33457.23,33442.33,33442.32,33442.32,235.863,18994.448000000004
2021-01-25 01:45:00,33442.32,33387.8,33378.91,33380.01,258.02,18736.428000000004
2021-01-25 01:48:00,33380.01,33386.28,33384.09,33385.77,504.014,19240.442000000003
2021-01-25 01:51:00,33385.77,33429.14,33429.14,33429.14,396.306,19636.748000000003
2021-01-25 01:54:00,33429.14,33459.58,33459.58,33459.58,240.68,19877.428000000004
2021-01-25 01:57:00,33459.58,33438.98,33434.45,33434.46,488.837,19388.591000000004
2021-01-25 02:00:00,33434.46,33413.16,33412.39,33413.16,331.991,19056.600000000006
2021-01-25 02:03:00,33413.16,33407.35,33405.36,33405.37,507.245,18549.355000000007
2021-01-25 02:06:00,33405.37,33379.96,33379.95,33379.95,363.174,18186.181000000008
2021-01-25 02:09:00,33379.95,33342.14,33340.06,33341.77,355.757,17830.424000000006
2021-01-25 02:12:00,33341.77,33352.39,33351.82,33352.39,336.728,18167.152000000006
2021-01-25 02:15:00,33352.39,33298.95,33297.34,33297.34,501.196,17665.956000000006
2021-01-25 02:18:00,33297.34,33377.1,33377.1,33377.1,391.443,18057.399000000005
2021-01-25 02:21:00,33377.1,33398.06,33398.05,33398.06,308.998,18366.397000000004
2021-01-25 02:24:00,33398.06,33377.5,33372.5,33373.34,225.095,18141.302000000003
2021-01-25 02:27:00,33373.34,33379.49,33370.92,33373.16,165.701,17975.601000000002
2021-01-25 02:30:00,33373.16,33401.35,33394.01,33399.5,280.655,18256.256
2021-01-25 02:33:00,33399.5,33462.24,33462.24,33462.24,350.219,18606.475000000002
2021-01-25 02:36:00,33462.24,33396.0,33396.0,33396.0,436.361,18170.114
2021-01-25 02:39:00,33396.0,33420.22,33420.21,33420.21,207.843,18377.957000000002
2021-01-25 02:42:00,33420.21,33431.72,33431.71,33431.71,399.076,18777.033000000003
2021-01-25 02:45:00,33431.71,33344.18,33337.07,33337.07,385.443,18391.590000000004
2021-01-25 02:48:00,33337.07,33287.14,33285.75,33285.75,514.249,17877.341000000004
2021-01-25 02:51:00,33285.75,33261.19,33259.01,33260.01,579.312,17298.029000000002
2021-01-25 02:54:00,33260.01,33291.96,33291.94,33291.96,401.424,17699.453
2021-01-25 02:57:00,33291.96,33327.15,33325.55,33327.15,231.678,17931.131
2021-01-25 03:00:00,33327.15,33389.43,33382.0,33383.45,308.747,18239.878
2021-01-25 03:03:00,33383.45,33430.79,33425.46,33427.71,879.393,19119.271
2021-01-25 03:06:00,33427.71,33440.43,33437.75,33440.41,256.839,19376.11
2021-01-25 03:09:00,33440.41,33447.89,33447.88,33447.89,252.544,19628.654000000002
2021-01-25 03:12:00,33447.89,33488.46,33488.45,33488.46,361.1,19989.754
2021-01-25 03:15:00,33488.46,33430.59,33426.33,33426.55,290.413,19699.341
2021-01-25 03:18:00,33426.55,33411.04,33404.0,33404.0,179.283,19520.058
2021-01-25 03:21:00,33404.0,33414.13,33404.17,33412.28,127.697,19647.755
2021-01-25 03:24:00,33412.28,33337.48,33335.51,33335.51,312.261,19335.494000000002
2021-01-25 03:27:00,33335.51,33240.0,33238.24,33238.49,479.156,18856.338000000003
2021-01-25 03:30:00,33238.49,33226.41,33224.71,33224.71,703.31,18153.028000000002
2021-01-25 03:33:00,33224.71,33227.28,33226.37,33227.17,416.012,18569.04
2021-01-25 03:36:00,33227.17,33197.57,33193.94,33197.57,296.354,18272.686
2021-01-25 03:39:00,33197.57,33255.68,33253.98,33253.99,373.466,18646.152000000002
2021-01-25 03:42:00,33253.99,33248.59,33239.51,33247.93,317.156,18328.996000000003
2021-01-25 03:45:00,33247.93,33345.28,33345.27,33345.27,392.776,18721.772000000004
2021-01-25 03:48:00,33345.27,33390.0,33386.66,33390.0,352.931,19074.703000000005
2021-01-25 03:51:00,33390.0,33350.01,33337.43,33339.53,241.017,18833.686000000005
2021-01-25 03:54:00,33339.53,33523.47,33523.46,33523.46,788.671,19622.357000000004
2021-01-25 03:57:00,33523.46,33455.19,33454.75,33454.75,674.748,18947.609000000004
2021-01-25 04:00:00,33454.75,33535.18,33530.0,33530.01,488.953,19436.562000000005
2021-01-25 04:03:00,33530.01,33456.28,33456.28,33456.28,583.627,18852.935000000005
2021-01-25 04:06:00,33456.28,33504.99,33504.99,33504.99,366.001,19218.936000000005
2021-01-25 04:09:00,33504.99,33471.09,33470.92,33470.92,253.774,18965.162000000004
2021-01-25 04:12:00,33470.92,33364.59,33359.23,33361.16,519.738,18445.424000000003
2021-01-25 04:15:00,33361.16,33363.5,33356.92,33358.01,452.176,17993.248000000003
2021-01-25 04:18:00,33358.01,33249.99,33241.46,33246.54,435.223,17558.025
2021-01-25 04:21:00,33246.54,33290.99,33282.06,33284.36,367.014,17925.039
2021-01-25 04:24:00,33284.36,33261.99,33256.64,33260.89,343.209,17581.83
2021-01-25 04:27:00,33260.89,33241.0,33241.0,33241.0,328.584,17253.246000000003
2021-01-25 04:30:00,33241.0,33266.24,33261.32,33266.24,604.573,17857.819000000003
2021-01-25 04:33:00,33266.24,33195.67,33193.66,33195.67,313.02,17544.799000000003
2021-01-25 04:36:00,33195.67,33243.49,33243.49,33243.49,390.56,17935.359000000004
2021-01-25 04:39:00,33243.49,33222.17,33220.0,33220.0,468.338,17467.021000000004
2021-01-25 04:42:00,33220.0,33279.43,33277.4,33279.43,261.41,17728.431000000004
2021-01-25 04:45:00,33279.43,33283.02,33281.67,33281.67,356.376,18084.807000000004
2021-01-25 04:48:00,33281.67,33258.62,33258.62,33258.62,418.069,17666.738000000005
2021-01-25 04:51:00,33258.62,33220.01,33220.01,33220.01,345.537,17321.201000000005
2021-01-25 04:54:00,33220.01,33084.66,33080.01,33084.66,785.099,16536.102000000006
2021-01-25 04:57:00,33084.66,33288.2,33288.0,33288.19,861.832,17397.934000000005
2021-01-25 05:00:00,33288.19,33382.78,33373.96,33381.31,663.11,18061.044000000005
2021-01-25 05:03:00,33381.31,33369.88,33363.84,33369.36,817.179,17243.865000000005
2021-01-25 05:06:00,33369.36,33399.99,33395.35,33399.07,512.658,17756.523000000005
2021-01-25 05:09:00,33399.07,33361.01,33361.0,33361.0,563.679,17192.844000000005
2021-01-25 05:12:00,33361.0,33309.53,33304.41,33309.43,282.973,16909.871000000003
2021-01-25 05:15:00,33309.43,33293.67,33293.5,33293.66,464.136,16445.735000000004
2021-01-25 05:18:00,33293.66,33460.0,33454.32,33456.65,616.256,17061.991000000005
2021-01-25 05:21:00,33456.65,33356.61,33356.6,33356.6,444.779,16617.212000000007
2021-01-25 05:24:00,33356.6,33324.64,33324.63,33324.64,467.137,16150.075000000006
2021-01-25 05:27:00,33324.64,33352.1,33352.1,33352.1,262.111,16412.186000000005
2021-01-25 05:30:00,33352.1,33313.69,33313.69,33313.69,183.877,16228.309000000005
2021-01-25 05:33:00,33313.69,33362.01,33362.01,33362.01,391.854,16620.163000000004
2021-01-25 05:36:00,33362.01,33289.47,33289.46,33289.47,270.506,16349.657000000005
2021-01-25 05:39:00,33289.47,33396.59,33392.32,33395.02,383.048,16732.705000000005
2021-01-25 05:42:00,33395.02,33409.99,33409.99,33409.99,235.899,16968.604000000007
2021-01-25 05:45:00,33409.99,33476.26,33475.1,33475.79,480.221,17448.825000000008
2021-01-25 05:48:00,33475.79,33438.48,33438.47,33438.48,719.806,16729.019000000008
2021-01-25 05:51:00,33438.48,33489.96,33489.96,33489.96,352.578,17081.59700000001
2021-01-25 05:54:00,33489.96,33421.12,33421.11,33421.11,362.512,16719.08500000001
2021-01-25 05:57:00,33421.11,33468.8,33468.65,33468.8,715.186,17434.27100000001
2021-01-25 06:00:00,33468.8,33488.1,33488.1,33488.1,256.978,17691.24900000001
2021-01-25 06:03:00,33488.1,33562.8,33561.51,33561.51,662.784,18354.03300000001
2021-01-25 06:06:00,33561.51,33490.0,33489.99,33489.99,314.966,18039.06700000001
2021-01-25 06:09:00,33489.99,33431.38,33431.37,33431.38,383.799,17655.26800000001
2021-01-25 06:12:00,33431.38,33439.99,33437.63,33439.99,349.023,18004.291000000012
2021-01-25 06:15:00,33439.99,33384.41,33383.05,33383.05,427.993,17576.298000000013
2021-01-25 06:18:00,33383.05,33323.65,33320.07,33320.07,434.408,17141.890000000014
2021-01-25 06:21:00,33320.07,33279.07,33270.87,33270.87,565.813,16576.077000000016
2021-01-25 06:24:00,33270.87,33315.87,33309.99,33315.87,430.108,17006.185000000016
2021-01-25 06:27:00,33315.87,33301.06,33301.05,33301.06,384.955,16621.230000000014
2021-01-25 06:30:00,33301.06,33325.71,33325.62,33325.62,161.576,16782.806000000015
2021-01-25 06:33:00,33325.62,33193.11,33176.85,33184.39,434.85,16347.956000000015
2021-01-25 06:36:00,33184.39,33245.76,33245.76,33245.76,497.88,16845.836000000014
2021-01-25 06:39:00,33245.76,33213.51,33205.42,33205.42,401.943,16443.893000000015
2021-01-25 06:42:00,33205.42,33224.34,33217.85,33217.86,437.512,16881.405000000013
2021-01-25 06:45:00,33217.86,33091.77,33076.98,33082.81,1184.607,15696.798000000013
2021-01-25 06:48:00,33082.81,32958.6,32953.0,32958.01,2249.824,13446.974000000013
2021-01-25 06:51:00,32958.01,33066.52,33066.07,33066.46,840.891,14287.865000000013
2021-01-25 06:54:00,33066.46,33073.21,33062.76,33070.63,538.275,14826.140000000012
2021-01-25 06:57:00,33070.63,32984.43,32983.46,32984.0,722.796,14103.344000000012
2021-01-25 07:00:00,32984.0,33051.47,33051.46,33051.47,480.753,14584.097000000012
2021-01-25 07:03:00,33051.47,33055.14,33051.72,33051.72,696.727,15280.824000000013
2021-01-25 07:06:00,33051.72,33120.88,33114.67,33114.67,502.768,15783.592000000013
2021-01-25 07:09:00,33114.67,33120.0,33115.0,33119.99,351.334,16134.926000000014
2021-01-25 07:12:00,33119.99,33077.0,33077.0,33077.0,321.099,15813.827000000014
2021-01-25 07:15:00,33077.0,32959.01,32956.0,32956.01,451.281,15362.546000000013
2021-01-25 07:18:00,32956.01,33101.45,33097.75,33097.75,1830.077,17192.623000000014
2021-01-25 07:21:00,33097.75,33127.87,33127.86,33127.87,734.633,17927.256000000016
2021-01-25 07:24:00,33127.87,33123.0,33122.9,33122.9,363.162,17564.094000000016
2021-01-25 07:27:00,33122.9,33124.92,33123.1,33123.11,326.049,17890.143000000015
2021-01-25 07:30:00,33123.11,33079.9,33072.0,33079.9,755.036,17135.107000000015
2021-01-25 07:33:00,33079.9,33080.01,33080.0,33080.0,532.304,17667.411000000015
2021-01-25 07:36:00,33080.0,33099.51,33086.14,33099.51,377.897,18045.308000000015
2021-01-25 07:39:00,33099.51,33120.97,33120.97,33120.97,284.731,18330.039000000015
2021-01-25 07:42:00,33120.97,33103.03,33101.69,33103.03,337.3,17992.739000000016
2021-01-25 07:45:00,33103.03,33095.24,33090.45,33095.24,281.238,17711.501000000015
2021-01-25 07:48:00,33095.24,33116.34,33111.73,33111.73,256.257,17967.758000000016
2021-01-25 07:51:00,33111.73,33115.36,33115.35,33115.35,576.429,18544.187000000016
2021-01-25 07:54:00,33115.35,33124.78,33124.32,33124.77,222.123,18766.310000000016
2021-01-25 07:57:00,33124.77,33130.35,33130.34,33130.35,207.088,18973.398000000016
2021-01-25 08:00:00,33130.35,33145.09,33144.93,33144.93,245.831,19219.229000000014
2021-01-25 08:03:00,33144.93,33161.55,33161.54,33161.54,355.211,19574.440000000013
2021-01-25 08:06:00,33161.54,33117.0,33117.0,33117.0,487.612,19086.828000000012
2021-01-25 08:09:00,33117.0,33138.87,33136.89,33136.89,299.564,19386.39200000001
2021-01-25 08:12:00,33136.89,33142.64,33140.89,33142.64,184.772,19571.16400000001
2021-01-25 08:15:00,33142.64,33129.28,33129.27,33129.28,359.548,19211.616000000013
2021-01-25 08:18:00,33129.28,33091.19,33091.19,33091.19,203.546,19008.070000000014
2021-01-25 08:21:00,33091.19,33189.99,33189.98,33189.99,418.272,19426.342000000015
2021-01-25 08:24:00,33189.99,33199.1,33195.01,33199.1,368.994,19795.336000000014
2021-01-25 08:27:00,33199.1,33336.12,33336.11,33336.12,950.61,20745.946000000014
2021-01-25 08:30:00,33336.12,33290.01,33290.0,33290.01,577.437,20168.509000000013
2021-01-25 08:33:00,33290.01,33246.82,33246.82,33246.82,431.345,19737.16400000001
2021-01-25 08:36:00,33246.82,33224.0,33222.02,33222.02,605.705,19131.45900000001
2021-01-25 08:39:00,33222.02,33185.41,33185.41,33185.41,240.958,18890.50100000001
2021-01-25 08:42:00,33185.41,33208.18,33203.38,33208.18,295.787,19186.28800000001
2021-01-25 08:45:00,33208.18,33172.47,33172.46,33172.47,200.729,18985.559000000012
2021-01-25 08:48:00,33172.47,33213.1,33212.95,33212.95,302.582,19288.14100000001
2021-01-25 08:51:00,33212.95,33226.97,33223.36,33223.36,186.628,19474.76900000001
2021-01-25 08:54:00,33223.36,33203.07,33202.72,33202.72,251.332,19223.437000000013
2021-01-25 08:57:00,33202.72,33222.0,33221.99,33221.99,171.125,19394.562000000013
2021-01-25 09:00:00,33221.99,33220.89,33217.37,33220.89,235.551,19159.011000000013
2021-01-25 09:03:00,33220.89,33250.05,33250.04,33250.05,266.046,19425.05700000001
2021-01-25 09:06:00,33250.05,33136.58,33133.49,33136.58,676.638,18748.419000000013
2021-01-25 09:09:00,33136.58,33199.98,33198.48,33199.79,356.569,19104.988000000012
2021-01-25 09:12:00,33199.79,33365.37,33365.37,33365.37,861.657,19966.64500000001
2021-01-25 09:15:00,33365.37,33424.66,33420.29,33420.29,803.528,20770.17300000001
2021-01-25 09:18:00,33420.29,33497.38,33494.9,33495.43,716.738,21486.91100000001
2021-01-25 09:21:00,33495.43,33564.15,33561.45,33561.45,733.219,22220.130000000012
2021-01-25 09:24:00,33561.45,33630.0,33622.67,33628.81,1490.969,23711.099000000013
2021-01-25 09:27:00,33628.81,33566.51,33562.67,33562.67,478.619,23232.480000000014
2021-01-25 09:30:00,33562.67,33589.91,33586.65,33589.91,366.125,23598.605000000014
2021-01-25 09:33:00,33589.91,33564.99,33563.84,33564.69,423.52,23175.085000000014
2021-01-25 09:36:00,33564.69,33564.21,33555.01,33564.21,363.043,22812.042000000012
2021-01-25 09:39:00,33564.21,33542.07,33541.16,33542.07,167.706,22644.336000000014
2021-01-25 09:42:00,33542.07,33545.01,33545.0,33545.01,436.691,23081.027000000013
2021-01-25 09:45:00,33545.01,34030.89,34023.0,34025.64,3405.981,26487.008000000013
2021-01-25 09:48:00,34025.64,34281.27,34277.93,34280.46,3048.879,29535.887000000013
2021-01-25 09:51:00,34280.46,34270.0,34268.89,34268.89,1950.769,27585.118000000013
2021-01-25 09:54:00,34268.89,34230.4,34229.75,34229.75,1337.194,26247.924000000014
2021-01-25 09:57:00,34229.75,34230.9,34230.9,34230.9,905.514,27153.438000000013
2021-01-25 10:00:00,34230.9,34218.09,34216.57,34218.09,701.567,26451.871000000014
2021-01-25 10:03:00,34218.09,34208.07,34200.01,34203.0,983.666,25468.205000000013
2021-01-25 10:06:00,34203.0,34219.13,34216.14,34218.28,931.042,26399.247000000014
2021-01-25 10:09:00,34218.28,34194.9,34194.89,34194.9,599.967,25799.280000000013
2021-01-25 10:12:00,34194.9,34471.99,34465.71,34469.89,2000.851,27800.131000000012
2021-01-25 10:15:00,34469.89,34290.16,34290.15,34290.16,1502.486,26297.64500000001
2021-01-25 10:18:00,34290.16,34226.15,34212.05,34223.63,1098.926,25198.719000000012
2021-01-25 10:21:00,34223.63,34359.17,34359.17,34359.17,677.384,25876.10300000001
2021-01-25 10:24:00,34359.17,34385.52,34383.96,34385.52,910.148,26786.25100000001
2021-01-25 10:27:00,34385.52,34590.01,34587.41,34590.01,2175.554,28961.80500000001
2021-01-25 10:30:00,34590.01,34613.11,34600.0,34605.82,1314.347,30276.152000000013
2021-01-25 10:33:00,34605.82,34452.0,34446.77,34446.77,1852.936,28423.21600000001
2021-01-25 10:36:00,34446.77,34437.68,34432.53,34435.18,700.016,27723.20000000001
2021-01-25 10:39:00,34435.18,34457.4,34450.0,34451.91,517.695,28240.89500000001
2021-01-25 10:42:00,34451.91,34471.26,34464.99,34471.25,653.602,28894.49700000001
2021-01-25 10:45:00,34471.25,34525.93,34525.92,34525.92,578.302,29472.79900000001
2021-01-25 10:48:00,34525.92,34531.91,34527.1,34531.91,895.252,30368.05100000001
2021-01-25 10:51:00,34531.91,34564.07,34554.5,34555.21,443.628,30811.67900000001
2021-01-25 10:54:00,34555.21,34477.07,34477.06,34477.07,707.774,30103.90500000001
2021-01-25 10:57:00,34477.07,34521.92,34518.84,34521.65,362.62,30466.52500000001
2021-01-25 11:00:00,34521.65,34564.99,34563.63,34563.63,408.396,30874.92100000001
2021-01-25 11:03:00,34563.63,34553.85,34551.68,34553.85,504.77,30370.15100000001
2021-01-25 11:06:00,34553.85,34611.06,34604.43,34608.87,805.651,31175.80200000001
2021-01-25 11:09:00,34608.87,34823.26,34819.34,34823.26,2262.816,33438.61800000001
2021-01-25 11:12:00,34823.26,34808.5,34807.29,34807.3,996.045,32442.57300000001
2021-01-25 11:15:00,34807.3,34770.01,34764.24,34764.65,1221.838,31220.73500000001
2021-01-25 11:18:00,34764.65,34705.5,34700.1,34705.5,593.25,30627.48500000001
2021-01-25 11:21:00,34705.5,34662.79,34662.45,34662.45,838.68,29788.80500000001
2021-01-25 11:24:00,34662.45,34661.2,34660.0,34660.0,781.098,29007.70700000001
2021-01-25 11:27:00,34660.0,34634.6,34634.34,34634.6,552.545,28455.16200000001
2021-01-25 11:30:00,34634.6,34626.47,34625.16,34626.04,490.002,27965.16000000001
2021-01-25 11:33:00,34626.04,34656.92,34654.15,34654.16,513.985,28479.14500000001
2021-01-25 11:36:00,34654.16,34650.34,34650.0,34650.0,611.702,27867.44300000001
2021-01-25 11:39:00,34650.0,34713.73,34713.66,34713.67,341.022,28208.46500000001
2021-01-25 11:42:00,34713.67,34670.0,34666.0,34666.0,226.024,27982.44100000001
2021-01-25 11:45:00,34666.0,34621.91,34620.0,34620.25,562.594,27419.84700000001
2021-01-25 11:48:00,34620.25,34631.99,34629.17,34629.17,867.198,28287.04500000001
2021-01-25 11:51:00,34629.17,34600.56,34599.44,34599.44,381.302,27905.74300000001
2021-01-25 11:54:00,34599.44,34427.52,34423.04,34425.94,1456.396,26449.34700000001
2021-01-25 11:57:00,34425.94,34508.23,34503.21,34506.95,1137.745,27587.092000000008
2021-01-25 12:00:00,34506.95,34498.46,34498.46,34498.46,466.839,27120.253000000008
2021-01-25 12:03:00,34498.46,34519.69,34519.69,34519.69,770.621,27890.874000000007
2021-01-25 12:06:00,34519.69,34490.3,34490.29,34490.3,534.348,27356.526000000005
2021-01-25 12:09:00,34490.3,34396.94,34390.01,34396.04,662.186,26694.340000000004
2021-01-25 12:12:00,34396.04,34385.47,34380.0,34382.56,727.922,25966.418000000005
2021-01-25 12:15:00,34382.56,34311.95,34310.0,34310.01,1288.789,24677.629000000004
2021-01-25 12:18:00,34310.01,34388.77,34386.82,34386.82,1046.982,25724.611000000004
2021-01-25 12:21:00,34386.82,34403.19,34403.08,34403.09,735.928,26460.539000000004
2021-01-25 12:24:00,34403.09,34482.41,34475.93,34479.97,763.896,27224.435000000005
2021-01-25 12:27:00,34479.97,34411.48,34411.47,34411.48,473.924,26750.511000000006
2021-01-25 12:30:00,34411.48,34428.72,34427.16,34428.72,241.058,26991.569000000007
2021-01-25 12:33:00,34428.72,34527.54,34526.69,34527.53,327.445,27319.014000000006
2021-01-25 12:36:00,34527.53,34502.53,34502.52,34502.53,642.706,26676.308000000008
2021-01-25 12:39:00,34502.53,34470.23,34470.22,34470.22,327.51,26348.79800000001
2021-01-25 12:42:00,34470.22,34445.44,34440.8,34445.0,269.17,26079.62800000001
2021-01-25 12:45:00,34445.0,34439.99,34439.99,34439.99,216.895,25862.73300000001
2021-01-25 12:48:00,34439.99,34403.55,34403.54,34403.54,210.579,25652.15400000001
2021-01-25 12:51:00,34403.54,34379.39,34379.39,34379.39,746.774,24905.38000000001
2021-01-25 12:54:00,34379.39,34410.0,34408.51,34409.61,303.586,25208.966000000008
2021-01-25 12:57:00,34409.61,34446.22,34444.32,34444.32,272.325,25481.29100000001
2021-01-25 13:00:00,34444.32,34509.01,34509.01,34509.01,619.645,26100.93600000001
2021-01-25 13:03:00,34509.01,34413.08,34405.51,34406.32,1525.883,24575.053000000007
2021-01-25 13:06:00,34406.32,34310.27,34305.0,34305.0,1128.295,23446.75800000001
2021-01-25 13:09:00,34305.0,34206.41,34201.07,34205.97,2044.055,21402.70300000001
2021-01-25 13:12:00,34205.97,34250.73,34250.0,34250.73,1351.625,22754.32800000001
2021-01-25 13:15:00,34250.73,34167.46,34165.31,34166.9,1194.979,21559.34900000001
2021-01-25 13:18:00,34166.9,34058.49,34053.42,34058.49,985.473,20573.87600000001
2021-01-25 13:21:00,34058.49,34238.98,34234.03,34234.04,1947.868,22521.74400000001
2021-01-25 13:24:00,34234.04,34178.11,34175.46,34178.05,521.263,22000.48100000001
2021-01-25 13:27:00,34178.05,33988.9,33980.0,33981.76,1621.91,20378.57100000001
2021-01-25 13:30:00,33981.76,33914.99,33907.6,33907.85,1590.916,18787.65500000001
2021-01-25 13:33:00,33907.85,33899.98,33897.3,33898.0,2325.946,16461.70900000001
2021-01-25 13:36:00,33898.0,33921.27,33920.88,33921.27,1225.056,17686.76500000001
2021-01-25 13:39:00,33921.27,33965.84,33959.41,33960.04,677.341,18364.10600000001
2021-01-25 13:42:00,33960.04,33861.3,33854.3,33856.54,669.979,17694.12700000001
2021-01-25 13:45:00,33856.54,33822.57,33818.05,33818.05,1895.947,15798.180000000011
2021-01-25 13:48:00,33818.05,33900.13,33896.32,33900.11,881.079,16679.259000000013
2021-01-25 13:51:00,33900.11,33920.0,33919.99,33920.0,553.021,17232.280000000013
2021-01-25 13:54:00,33920.0,33745.85,33743.51,33744.8,628.608,16603.672000000013
2021-01-25 13:57:00,33744.8,33912.4,33908.19,33908.19,788.229,17391.901000000013
2021-01-25 14:00:00,33908.19,33975.43,33973.78,33975.43,652.003,18043.904000000013
2021-01-25 14:03:00,33975.43,34053.0,34049.16,34049.16,1311.697,19355.601000000013
2021-01-25 14:06:00,34049.16,34084.12,34084.0,34084.01,685.33,20040.931000000015
2021-01-25 14:09:00,34084.01,34125.5,34125.49,34125.5,1008.841,21049.772000000015
2021-01-25 14:12:00,34125.5,34197.06,34196.0,34196.0,1829.678,22879.450000000015
2021-01-25 14:15:00,34196.0,33960.93,33958.5,33960.31,1763.244,21116.206000000017
2021-01-25 14:18:00,33960.31,33995.87,33993.53,33995.86,949.077,22065.283000000018
2021-01-25 14:21:00,33995.86,34004.63,34004.41,34004.41,898.087,22963.370000000017
2021-01-25 14:24:00,34004.41,33897.49,33893.62,33893.62,824.999,22138.371000000017
2021-01-25 14:27:00,33893.62,33962.06,33956.35,33962.06,400.461,22538.832000000017
2021-01-25 14:30:00,33962.06,33948.14,33942.53,33948.14,485.356,22053.476000000017
2021-01-25 14:33:00,33948.14,33858.19,33858.19,33858.19,713.826,21339.650000000016
2021-01-25 14:36:00,33858.19,33942.54,33940.83,33942.54,609.589,21949.239000000016
2021-01-25 14:39:00,33942.54,33914.89,33910.67,33914.89,298.372,21650.867000000017
2021-01-25 14:42:00,33914.89,33913.49,33911.51,33911.53,386.833,21264.034000000018
2021-01-25 14:45:00,33911.53,33917.69,33913.92,33917.69,174.515,21438.549000000017
2021-01-25 14:48:00,33917.69,33838.26,33833.66,33833.66,288.644,21149.905000000017
2021-01-25 14:51:00,33833.66,33829.33,33829.33,33829.33,508.738,20641.167000000016
2021-01-25 14:54:00,33829.33,33888.0,33883.33,33887.89,367.19,21008.357000000015
2021-01-25 14:57:00,33887.89,33826.1,33821.52,33821.52,499.197,20509.160000000014
2021-01-25 15:00:00,33821.52,33833.17,33832.69,33832.69,401.026,20910.186000000016
2021-01-25 15:03:00,33832.69,33868.6,33864.16,33868.56,737.932,21648.118000000017
2021-01-25 15:06:00,33868.56,34019.68,34010.0,34010.0,949.254,22597.372000000018
2021-01-25 15:09:00,34010.0,33930.01,33930.0,33930.0,501.11,22096.262000000017
2021-01-25 15:12:00,33930.0,33957.15,33954.41,33956.13,281.39,22377.652000000016
2021-01-25 15:15:00,33956.13,33942.13,33939.68,33942.13,312.43,22065.222000000016
2021-01-25 15:18:00,33942.13,33969.47,33969.46,33969.46,403.088,22468.310000000016
2021-01-25 15:21:00,33969.46,34041.87,34041.75,34041.87,480.33,22948.640000000018
2021-01-25 15:24:00,34041.87,33995.01,33995.01,33995.01,383.968,22564.672000000017
2021-01-25 15:27:00,33995.01,34002.6,34002.1,34002.1,287.694,22852.366000000016
2021-01-25 15:30:00,34002.1,33998.5,33998.49,33998.49,275.327,22577.039000000015
2021-01-25 15:33:00,33998.49,33928.19,33923.12,33928.19,333.941,22243.098000000016
2021-01-25 15:36:00,33928.19,33836.78,33836.77,33836.77,618.652,21624.446000000018
2021-01-25 15:39:00,33836.77,33853.64,33852.33,33853.64,475.615,22100.06100000002
2021-01-25 15:42:00,33853.64,33924.8,33921.87,33924.8,259.34,22359.40100000002
2021-01-25 15:45:00,33924.8,33747.25,33741.0,33742.4,708.177,21651.22400000002
2021-01-25 15:48:00,33742.4,33622.45,33618.31,33622.01,2264.812,19386.41200000002
2021-01-25 15:51:00,33622.01,33845.28,33844.79,33845.27,1117.711,20504.123000000018
2021-01-25 15:54:00,33845.27,33810.76,33807.6,33807.6,616.913,19887.210000000017
2021-01-25 15:57:00,33807.6,33749.91,33748.2,33749.91,546.246,19340.964000000018
2021-01-25 16:00:00,33749.91,33707.09,33704.46,33707.08,462.904,18878.06000000002
2021-01-25 16:03:00,33707.08,33738.5,33733.48,33738.49,811.856,19689.91600000002
2021-01-25 16:06:00,33738.49,33777.99,33777.98,33777.98,451.746,20141.66200000002
2021-01-25 16:09:00,33777.98,33808.19,33801.06,33801.29,445.82,20587.482000000018
2021-01-25 16:12:00,33801.29,33793.99,33793.97,33793.99,404.084,20183.39800000002
2021-01-25 16:15:00,33793.99,33799.0,33798.99,33798.99,312.246,20495.64400000002
2021-01-25 16:18:00,33798.99,33782.99,33782.98,33782.98,342.487,20153.157000000017
2021-01-25 16:21:00,33782.98,33745.4,33739.55,33745.4,347.006,19806.151000000016
2021-01-25 16:24:00,33745.4,33742.37,33742.36,33742.37,251.417,19554.734000000015
2021-01-25 16:27:00,33742.37,33721.91,33721.24,33721.91,355.007,19199.727000000014
2021-01-25 16:30:00,33721.91,33746.52,33746.51,33746.51,193.681,19393.408000000014
2021-01-25 16:33:00,33746.51,33757.33,33750.85,33750.85,211.373,19604.781000000014
2021-01-25 16:36:00,33750.85,33550.97,33527.99,33531.34,842.019,18762.762000000013
2021-01-25 16:39:00,33531.34,33707.01,33707.0,33707.01,700.557,19463.319000000014
2021-01-25 16:42:00,33707.01,33684.65,33675.16,33675.16,366.732,19096.587000000014
2021-01-25 16:45:00,33675.16,33710.89,33710.15,33710.89,245.857,19342.444000000014
2021-01-25 16:48:00,33710.89,33760.0,33758.38,33758.62,301.204,19643.648000000016
2021-01-25 16:51:00,33758.62,33667.73,33666.0,33666.0,269.894,19373.754000000015
2021-01-25 16:54:00,33666.0,33736.19,33735.59,33735.59,270.703,19644.457000000017
2021-01-25 16:57:00,33735.59,33635.85,33635.84,33635.85,397.507,19246.950000000015
2021-01-25 17:00:00,33635.85,33449.84,33441.89,33444.15,2735.645,16511.305000000015
2021-01-25 17:03:00,33444.15,33391.5,33389.95,33389.95,2344.739,14166.566000000015
2021-01-25 17:06:00,33389.95,33326.42,33326.4,33326.4,1255.211,12911.355000000016
2021-01-25 17:09:00,33326.4,33203.32,33200.63,33201.91,1668.646,11242.709000000015
2021-01-25 17:12:00,33201.91,33170.35,33160.52,33169.35,1064.054,10178.655000000015
2021-01-25 17:15:00,33169.35,33185.01,33185.01,33185.01,1526.53,11705.185000000016
2021-01-25 17:18:00,33185.01,33300.0,33293.76,33299.64,867.092,12572.277000000016
2021-01-25 17:21:00,33299.64,33332.0,33331.99,33332.0,599.556,13171.833000000017
2021-01-25 17:24:00,33332.0,33389.87,33380.91,33383.06,482.419,13654.252000000017
2021-01-25 17:27:00,33383.06,33380.3,33371.58,33377.05,258.757,13395.495000000017
2021-01-25 17:30:00,33377.05,33406.7,33403.01,33406.7,255.848,13651.343000000017
2021-01-25 17:33:00,33406.7,33430.4,33430.39,33430.4,548.731,14200.074000000017
2021-01-25 17:36:00,33430.4,33403.38,33402.2,33403.36,397.669,13802.405000000017
2021-01-25 17:39:00,33403.36,33361.63,33354.02,33354.03,711.49,13090.915000000017
2021-01-25 17:42:00,33354.03,33326.14,33317.71,33319.97,402.959,12687.956000000017
2021-01-25 17:45:00,33319.97,33383.22,33376.95,33383.22,415.614,13103.570000000016
2021-01-25 17:48:00,33383.22,33295.52,33290.01,33295.52,279.78,12823.790000000015
2021-01-25 17:51:00,33295.52,33301.64,33301.63,33301.64,297.819,13121.609000000015
2021-01-25 17:54:00,33301.64,33315.0,33314.3,33315.0,319.675,13441.284000000014
2021-01-25 17:57:00,33315.0,33415.54,33414.48,33415.54,365.27,13806.554000000015
2021-01-25 18:00:00,33415.54,33496.52,33496.51,33496.52,517.614,14324.168000000014
2021-01-25 18:03:00,33496.52,33319.38,33319.37,33319.37,624.122,13700.046000000015
2021-01-25 18:06:00,33319.37,33229.34,33227.18,33227.19,530.065,13169.981000000014
2021-01-25 18:09:00,33227.19,33045.0,33034.73,33043.39,959.212,12210.769000000015
2021-01-25 18:12:00,33043.39,33060.7,33052.55,33060.7,2293.386,14504.155000000015
2021-01-25 18:15:00,33060.7,32889.54,32888.12,32889.16,948.34,13555.815000000015
2021-01-25 18:18:00,32889.16,32895.0,32892.49,32895.0,1246.055,14801.870000000015
2021-01-25 18:21:00,32895.0,32897.96,32894.04,32894.04,446.367,14355.503000000015
2021-01-25 18:24:00,32894.04,32699.02,32697.7,32697.91,3504.516,10850.987000000016
2021-01-25 18:27:00,32697.91,32622.12,32619.22,32622.12,1206.906,9644.081000000017
2021-01-25 18:30:00,32622.12,32696.98,32694.65,32694.65,1180.239,10824.320000000016
2021-01-25 18:33:00,32694.65,32346.83,32344.43,32346.83,3973.334,6850.986000000016
2021-01-25 18:36:00,32346.83,32341.51,32333.62,32334.95,1002.299,5848.687000000016
2021-01-25 18:39:00,32334.95,32400.0,32394.99,32394.99,1700.227,7548.914000000016
2021-01-25 18:42:00,32394.99,32581.88,32581.28,32581.88,1494.638,9043.552000000016
2021-01-25 18:45:00,32581.88,32618.0,32617.99,32618.0,677.257,9720.809000000016
2021-01-25 18:48:00,32618.0,32641.18,32637.56,32637.56,1058.753,10779.562000000016
2021-01-25 18:51:00,32637.56,32690.02,32688.0,32690.02,1090.157,11869.719000000016
2021-01-25 18:54:00,32690.02,32661.79,32660.16,32661.79,791.758,11077.961000000016
2021-01-25 18:57:00,32661.79,32657.91,32657.9,32657.91,483.029,10594.932000000015
2021-01-25 19:00:00,32657.91,32748.81,32732.94,32748.81,362.814,10957.746000000016
2021-01-25 19:03:00,32748.81,32646.55,32641.67,32642.23,618.653,10339.093000000015
2021-01-25 19:06:00,32642.23,32487.02,32478.68,32480.1,856.75,9482.343000000015
2021-01-25 19:09:00,32480.1,32340.48,32332.92,32340.48,953.376,8528.967000000015
2021-01-25 19:12:00,32340.48,32306.18,32301.78,32301.78,692.887,7836.080000000015
2021-01-25 19:15:00,32301.78,32298.24,32298.23,32298.24,775.597,7060.483000000016
2021-01-25 19:18:00,32298.24,32322.16,32317.02,32322.16,1568.246,8628.729000000016
2021-01-25 19:21:00,32322.16,32367.82,32363.71,32365.29,755.741,9384.470000000016
2021-01-25 19:24:00,32365.29,32440.0,32439.99,32440.0,484.516,9868.986000000015
2021-01-25 19:27:00,32440.0,32255.15,32242.87,32254.65,559.189,9309.797000000015
2021-01-25 19:30:00,32254.65,32081.45,32069.87,32079.61,1581.338,7728.459000000015
2021-01-25 19:33:00,32079.61,32106.97,32106.96,32106.96,1708.846,9437.305000000015
2021-01-25 19:36:00,32106.96,32153.69,32152.15,32153.41,1141.968,10579.273000000016
2021-01-25 19:39:00,32153.41,32308.4,32308.39,32308.39,576.0,11155.273000000016
2021-01-25 19:42:00,32308.39,32437.51,32437.5,32437.51,770.899,11926.172000000015
2021-01-25 19:45:00,32437.51,32514.85,32500.0,32511.33,602.314,12528.486000000015
2021-01-25 19:48:00,32511.33,32475.64,32471.38,32471.38,701.706,11826.780000000015
2021-01-25 19:51:00,32471.38,32513.15,32512.16,32513.15,364.06,12190.840000000015
2021-01-25 19:54:00,32513.15,32424.01,32420.0,32420.94,371.266,11819.574000000015
2021-01-25 19:57:00,32420.94,32455.5,32447.8,32451.59,445.393,12264.967000000015
2021-01-25 20:00:00,32451.59,32468.29,32467.27,32467.27,745.417,13010.384000000015
2021-01-25 20:03:00,32467.27,32300.2,32300.0,32300.0,697.326,12313.058000000015
2021-01-25 20:06:00,32300.0,32280.13,32280.12,32280.12,397.063,11915.995000000015
2021-01-25 20:09:00,32280.12,32434.19,32434.18,32434.19,381.526,12297.521000000015
2021-01-25 20:12:00,32434.19,32549.39,32544.69,32549.39,906.959,13204.480000000016
2021-01-25 20:15:00,32549.39,32589.61,32589.49,32589.49,794.316,13998.796000000017
2021-01-25 20:18:00,32589.49,32528.85,32528.84,32528.84,714.641,13284.155000000017
2021-01-25 20:21:00,32528.84,32470.61,32470.61,32470.61,537.41,12746.745000000017
2021-01-25 20:24:00,32470.61,32506.53,32506.52,32506.52,609.16,13355.905000000017
2021-01-25 20:27:00,32506.52,32484.81,32481.0,32484.35,387.962,12967.943000000017
2021-01-25 20:30:00,32484.35,32473.92,32472.33,32472.57,307.602,12660.341000000017
2021-01-25 20:33:00,32472.57,32431.8,32428.58,32428.58,399.943,12260.398000000017
